id,name,model_id:id,group_id:id,perm_read,perm_write,perm_create,perm_unlink
access_report_pharmacy_sales_branch_user,report.pharmacy.sales.branch.user,model_report_pharmacy_sales_branch,base.group_user,1,0,0,0
access_report_pharmacy_expiry_user,report.pharmacy.expiry.user,model_report_pharmacy_expiry,base.group_user,1,0,0,0
access_report_pharmacy_stock_movement_user,report.pharmacy.stock.movement.user,model_report_pharmacy_stock_movement,base.group_user,1,0,0,0
access_report_pharmacy_claims_summary_user,report.pharmacy.claims.summary.user,model_report_pharmacy_claims_summary,base.group_user,1,0,0,0
access_report_pharmacy_branch_pnl_user,report.pharmacy.branch.pnl.user,model_report_pharmacy_branch_pnl,base.group_user,1,0,0,0
access_report_pharmacy_rejection_reasons_user,report.pharmacy.rejection.reasons.user,model_report_pharmacy_rejection_reasons,base.group_user,1,0,0,0
access_pharmacy_dashboard_manager,pharmacy.dashboard.manager,model_pharmacy_dashboard,group_pharmacy_manager,1,0,0,0
access_mpesa_unmatched_transaction_manager,mpesa.unmatched.transaction.manager,model_mpesa_unmatched_transaction,group_pharmacy_manager,1,1,1,1
access_mpesa_statement_import_manager,mpesa.statement.import.manager,model_mpesa_statement_import,group_pharmacy_manager,1,1,1,1
access_mpesa_payment_match_wizard_manager,mpesa.payment.match.wizard.manager,model_mpesa_payment_match_wizard,group_pharmacy_manager,1,1,1,1
access_etims_report_wizard_manager,etims.report.wizard.manager,model_etims_report_wizard,group_pharmacy_manager,1,1,1,1
access_pharmacy_branch_user,pharmacy.branch.user,model_pharmacy_branch,base.group_user,1,0,0,0
access_pharmacy_branch_manager,pharmacy.branch.manager,model_pharmacy_branch,group_pharmacy_manager,1,1,1,0
access_pharmacy_branch_admin,pharmacy.branch.admin,model_pharmacy_branch,group_pharmacy_admin,1,1,1,1

access_pharmacy_patient_cashier,pharmacy.patient.cashier,model_pharmacy_patient,group_pharmacy_cashier,1,0,0,0
access_pharmacy_patient_pharmacist,pharmacy.patient.pharmacist,model_pharmacy_patient,group_pharmacy_pharmacist,1,1,1,0
access_pharmacy_patient_manager,pharmacy.patient.manager,model_pharmacy_patient,group_pharmacy_manager,1,1,1,1

access_pharmacy_patient_insurance_cashier,pharmacy.patient.insurance.cashier,model_pharmacy_patient_insurance,group_pharmacy_cashier,1,0,0,0
access_pharmacy_patient_insurance_pharmacist,pharmacy.patient.insurance.pharmacist,model_pharmacy_patient_insurance,group_pharmacy_pharmacist,1,1,1,0
access_pharmacy_patient_insurance_manager,pharmacy.patient.insurance.manager,model_pharmacy_patient_insurance,group_pharmacy_manager,1,1,1,1

access_pharmacy_prescription_cashier,pharmacy.prescription.cashier,model_pharmacy_prescription,group_pharmacy_cashier,1,0,0,0
access_pharmacy_prescription_pharmacist,pharmacy.prescription.pharmacist,model_pharmacy_prescription,group_pharmacy_pharmacist,1,1,1,0
access_pharmacy_prescription_manager,pharmacy.prescription.manager,model_pharmacy_prescription,group_pharmacy_manager,1,1,1,1

access_pharmacy_insurer_cashier,pharmacy.insurer.cashier,model_pharmacy_insurer,group_pharmacy_cashier,1,0,0,0
access_pharmacy_insurer_accounts,pharmacy.insurer.accounts,model_pharmacy_insurer,group_pharmacy_accounts,1,1,1,0
access_pharmacy_insurer_manager,pharmacy.insurer.manager,model_pharmacy_insurer,group_pharmacy_manager,1,1,1,1

access_pharmacy_insurer_plan_cashier,pharmacy.insurer.plan.cashier,model_pharmacy_insurer_plan,group_pharmacy_cashier,1,0,0,0
access_pharmacy_insurer_plan_accounts,pharmacy.insurer.plan.accounts,model_pharmacy_insurer_plan,group_pharmacy_accounts,1,1,1,0
access_pharmacy_insurer_plan_manager,pharmacy.insurer.plan.manager,model_pharmacy_insurer_plan,group_pharmacy_manager,1,1,1,1

access_pharmacy_coverage_rule_cashier,pharmacy.coverage.rule.cashier,model_pharmacy_coverage_rule,group_pharmacy_cashier,1,0,0,0
access_pharmacy_coverage_rule_accounts,pharmacy.coverage.rule.accounts,model_pharmacy_coverage_rule,group_pharmacy_accounts,1,1,1,0
access_pharmacy_coverage_rule_manager,pharmacy.coverage.rule.manager,model_pharmacy_coverage_rule,group_pharmacy_manager,1,1,1,1

access_pharmacy_claim_cashier,pharmacy.claim.cashier,model_pharmacy_claim,group_pharmacy_cashier,1,1,1,0
access_pharmacy_claim_accounts,pharmacy.claim.accounts,model_pharmacy_claim,group_pharmacy_accounts,1,1,1,0
access_pharmacy_claim_manager,pharmacy.claim.manager,model_pharmacy_claim,group_pharmacy_manager,1,1,1,1

access_pharmacy_claim_line_cashier,pharmacy.claim.line.cashier,model_pharmacy_claim_line,group_pharmacy_cashier,1,1,1,0
access_pharmacy_claim_line_accounts,pharmacy.claim.line.accounts,model_pharmacy_claim_line,group_pharmacy_accounts,1,1,1,0
access_pharmacy_claim_line_manager,pharmacy.claim.line.manager,model_pharmacy_claim_line,group_pharmacy_manager,1,1,1,1

access_pharmacy_dispensing_cashier,pharmacy.dispensing.cashier,model_pharmacy_dispensing,group_pharmacy_cashier,1,1,1,0
access_pharmacy_dispensing_pharmacist,pharmacy.dispensing.pharmacist,model_pharmacy_dispensing,group_pharmacy_pharmacist,1,1,1,0
access_pharmacy_dispensing_manager,pharmacy.dispensing.manager,model_pharmacy_dispensing,group_pharmacy_manager,1,1,1,1

access_pharmacy_controlled_substance_register_pharmacist,pharmacy.controlled.substance.register.pharmacist,model_pharmacy_controlled_substance_register,group_pharmacy_pharmacist,1,1,1,0
access_pharmacy_controlled_substance_register_manager,pharmacy.controlled.substance.register.manager,model_pharmacy_controlled_substance_register,group_pharmacy_manager,1,1,1,1

access_pharmacy_cashup_cashier,pharmacy.cashup.cashier,model_pharmacy_cashup,group_pharmacy_cashier,1,1,1,0
access_pharmacy_cashup_accounts,pharmacy.cashup.accounts,model_pharmacy_cashup,group_pharmacy_accounts,1,1,1,0
access_pharmacy_cashup_manager,pharmacy.cashup.manager,model_pharmacy_cashup,group_pharmacy_manager,1,1,1,1

access_product_template_cashier,product.template.cashier,model_product_template,group_pharmacy_cashier,1,0,0,0
access_product_template_pharmacist,product.template.pharmacist,model_product_template,group_pharmacy_pharmacist,1,1,1,0
access_product_template_storekeeper,product.template.storekeeper,model_product_template,group_pharmacy_storekeeper,1,1,1,0
access_product_template_manager,product.template.manager,model_product_template,group_pharmacy_manager,1,1,1,1

access_stock_lot_cashier,stock.lot.cashier,model_stock_lot,group_pharmacy_cashier,1,0,0,0
access_stock_lot_storekeeper,stock.lot.storekeeper,model_stock_lot,group_pharmacy_storekeeper,1,1,1,0
access_stock_lot_manager,stock.lot.manager,model_stock_lot,group_pharmacy_manager,1,1,1,1

access_pos_order_cashier,pos.order.cashier,model_pos_order,group_pharmacy_cashier,1,1,1,0
access_pos_order_manager,pos.order.manager,model_pos_order,group_pharmacy_manager,1,1,1,1

access_pos_order_line_cashier,pos.order.line.cashier,model_pos_order_line,group_pharmacy_cashier,1,1,1,0
access_pos_order_line_manager,pos.order.line.manager,model_pos_order_line,group_pharmacy_manager,1,1,1,1

access_pos_config_cashier,pos.config.cashier,model_pos_config,group_pharmacy_cashier,1,0,0,0
access_pos_config_manager,pos.config.manager,model_pos_config,group_pharmacy_manager,1,1,1,1

access_pos_session_cashier,pos.session.cashier,model_pos_session,group_pharmacy_cashier,1,1,1,0
access_pos_session_manager,pos.session.manager,model_pos_session,group_pharmacy_manager,1,1,1,1

access_stock_location_storekeeper,stock.location.storekeeper,model_stock_location,group_pharmacy_storekeeper,1,1,1,0
access_stock_location_manager,stock.location.manager,model_stock_location,group_pharmacy_manager,1,1,1,1

access_stock_picking_storekeeper,stock.picking.storekeeper,model_stock_picking,group_pharmacy_storekeeper,1,1,1,0
access_stock_picking_manager,stock.picking.manager,model_stock_picking,group_pharmacy_manager,1,1,1,1

access_account_move_accounts,account.move.accounts,model_account_move,group_pharmacy_accounts,1,1,1,0
access_account_move_manager,account.move.manager,model_account_move,group_pharmacy_manager,1,1,1,1

access_stock_picking_variance_storekeeper,stock.picking.variance.storekeeper,model_stock_picking_variance,group_pharmacy_storekeeper,1,1,1,0
access_stock_picking_variance_manager,stock.picking.variance.manager,model_stock_picking_variance,group_pharmacy_manager,1,1,1,1
